id,language,gender,duration_sec,snr_db,original_sr,target_sr,file_path,label
Telugu_000000,Telugu,0,1.12,42.97,16000,16000,data/processed\Telugu\Telugu_000000.wav,human
Telugu_000001,Telugu,0,36.576,54.45,16000,16000,data/processed\Telugu\Telugu_000001.wav,human
Telugu_000002,Telugu,0,24.608,56.79,16000,16000,data/processed\Telugu\Telugu_000002.wav,human
Telugu_000003,Telugu,0,33.952,53.51,16000,16000,data/processed\Telugu\Telugu_000003.wav,human
Telugu_000004,Telugu,0,8.0,52.54,16000,16000,data/processed\Telugu\Telugu_000004.wav,human
Telugu_000005,Telugu,0,15.36,51.03,16000,16000,data/processed\Telugu\Telugu_000005.wav,human
Telugu_000006,Telugu,0,20.032,66.28,16000,16000,data/processed\Telugu\Telugu_000006.wav,human
Telugu_000007,Telugu,0,21.504,50.73,16000,16000,data/processed\Telugu\Telugu_000007.wav,human
Telugu_000008,Telugu,0,16.352,53.67,16000,16000,data/processed\Telugu\Telugu_000008.wav,human
Telugu_000009,Telugu,0,38.08,57.73,16000,16000,data/processed\Telugu\Telugu_000009.wav,human
Telugu_000010,Telugu,0,28.768,55.96,16000,16000,data/processed\Telugu\Telugu_000010.wav,human
Telugu_000011,Telugu,0,45.984,58.83,16000,16000,data/processed\Telugu\Telugu_000011.wav,human
Telugu_000012,Telugu,0,18.4,53.33,16000,16000,data/processed\Telugu\Telugu_000012.wav,human
Telugu_000013,Telugu,0,16.224,52.09,16000,16000,data/processed\Telugu\Telugu_000013.wav,human
Telugu_000014,Telugu,0,26.048,55.71,16000,16000,data/processed\Telugu\Telugu_000014.wav,human
Telugu_000015,Telugu,0,34.016,55.75,16000,16000,data/processed\Telugu\Telugu_000015.wav,human
Telugu_000016,Telugu,0,23.072,57.59,16000,16000,data/processed\Telugu\Telugu_000016.wav,human
Telugu_000017,Telugu,0,14.368,54.44,16000,16000,data/processed\Telugu\Telugu_000017.wav,human
Telugu_000018,Telugu,0,5.824,52.3,16000,16000,data/processed\Telugu\Telugu_000018.wav,human
Telugu_000019,Telugu,0,6.112,51.01,16000,16000,data/processed\Telugu\Telugu_000019.wav,human
Telugu_000020,Telugu,0,25.216,54.83,16000,16000,data/processed\Telugu\Telugu_000020.wav,human
Telugu_000021,Telugu,0,13.76,52.07,16000,16000,data/processed\Telugu\Telugu_000021.wav,human
Telugu_000022,Telugu,0,11.552,54.24,16000,16000,data/processed\Telugu\Telugu_000022.wav,human
Telugu_000023,Telugu,0,5.376,53.55,16000,16000,data/processed\Telugu\Telugu_000023.wav,human
Telugu_000024,Telugu,0,37.824,54.76,16000,16000,data/processed\Telugu\Telugu_000024.wav,human
Telugu_000025,Telugu,0,12.608,53.88,16000,16000,data/processed\Telugu\Telugu_000025.wav,human
Telugu_000026,Telugu,0,1.088,38.28,16000,16000,data/processed\Telugu\Telugu_000026.wav,human
Telugu_000027,Telugu,0,39.2,51.77,16000,16000,data/processed\Telugu\Telugu_000027.wav,human
Telugu_000028,Telugu,0,18.752,54.54,16000,16000,data/processed\Telugu\Telugu_000028.wav,human
Telugu_000029,Telugu,0,18.784,52.57,16000,16000,data/processed\Telugu\Telugu_000029.wav,human
Telugu_000030,Telugu,0,5.824,53.87,16000,16000,data/processed\Telugu\Telugu_000030.wav,human
Telugu_000031,Telugu,0,38.368,54.2,16000,16000,data/processed\Telugu\Telugu_000031.wav,human
Telugu_000032,Telugu,0,39.456,55.28,16000,16000,data/processed\Telugu\Telugu_000032.wav,human
Telugu_000033,Telugu,0,5.984,54.6,16000,16000,data/processed\Telugu\Telugu_000033.wav,human
Telugu_000034,Telugu,0,36.64,57.25,16000,16000,data/processed\Telugu\Telugu_000034.wav,human
Telugu_000035,Telugu,0,17.952,57.43,16000,16000,data/processed\Telugu\Telugu_000035.wav,human
Telugu_000036,Telugu,0,27.424,58.7,16000,16000,data/processed\Telugu\Telugu_000036.wav,human
Telugu_000037,Telugu,0,15.104,55.93,16000,16000,data/processed\Telugu\Telugu_000037.wav,human
Telugu_000038,Telugu,0,50.144,56.98,16000,16000,data/processed\Telugu\Telugu_000038.wav,human
Telugu_000039,Telugu,0,13.44,52.31,16000,16000,data/processed\Telugu\Telugu_000039.wav,human
Telugu_000040,Telugu,0,20.16,54.73,16000,16000,data/processed\Telugu\Telugu_000040.wav,human
Telugu_000041,Telugu,0,35.68,56.59,16000,16000,data/processed\Telugu\Telugu_000041.wav,human
Telugu_000042,Telugu,0,55.072,54.48,16000,16000,data/processed\Telugu\Telugu_000042.wav,human
Telugu_000043,Telugu,0,38.976,55.39,16000,16000,data/processed\Telugu\Telugu_000043.wav,human
Telugu_000044,Telugu,0,11.008,53.24,16000,16000,data/processed\Telugu\Telugu_000044.wav,human
Telugu_000045,Telugu,0,8.736,53.49,16000,16000,data/processed\Telugu\Telugu_000045.wav,human
Telugu_000046,Telugu,0,34.112,54.11,16000,16000,data/processed\Telugu\Telugu_000046.wav,human
Telugu_000047,Telugu,0,36.416,55.19,16000,16000,data/processed\Telugu\Telugu_000047.wav,human
Telugu_000048,Telugu,0,38.784,55.39,16000,16000,data/processed\Telugu\Telugu_000048.wav,human
Telugu_000049,Telugu,0,43.04,55.61,16000,16000,data/processed\Telugu\Telugu_000049.wav,human
Telugu_000050,Telugu,0,52.608,58.77,16000,16000,data/processed\Telugu\Telugu_000050.wav,human
Telugu_000051,Telugu,0,1.504,47.82,16000,16000,data/processed\Telugu\Telugu_000051.wav,human
Telugu_000052,Telugu,0,23.808,52.99,16000,16000,data/processed\Telugu\Telugu_000052.wav,human
Telugu_000053,Telugu,0,21.184,56.63,16000,16000,data/processed\Telugu\Telugu_000053.wav,human
Telugu_000054,Telugu,0,22.048,56.44,16000,16000,data/processed\Telugu\Telugu_000054.wav,human
Telugu_000055,Telugu,0,15.648,55.77,16000,16000,data/processed\Telugu\Telugu_000055.wav,human
Telugu_000056,Telugu,0,19.072,53.71,16000,16000,data/processed\Telugu\Telugu_000056.wav,human
Telugu_000057,Telugu,0,24.224,53.83,16000,16000,data/processed\Telugu\Telugu_000057.wav,human
Telugu_000058,Telugu,0,14.464,54.55,16000,16000,data/processed\Telugu\Telugu_000058.wav,human
Telugu_000059,Telugu,0,5.92,54.17,16000,16000,data/processed\Telugu\Telugu_000059.wav,human
Telugu_000060,Telugu,0,21.152,55.35,16000,16000,data/processed\Telugu\Telugu_000060.wav,human
Telugu_000061,Telugu,0,4.896,55.93,16000,16000,data/processed\Telugu\Telugu_000061.wav,human
Telugu_000062,Telugu,0,16.032,54.96,16000,16000,data/processed\Telugu\Telugu_000062.wav,human
Telugu_000063,Telugu,0,11.232,52.3,16000,16000,data/processed\Telugu\Telugu_000063.wav,human
Telugu_000064,Telugu,0,1.184,42.58,16000,16000,data/processed\Telugu\Telugu_000064.wav,human
Telugu_000065,Telugu,0,50.592,55.04,16000,16000,data/processed\Telugu\Telugu_000065.wav,human
Telugu_000066,Telugu,0,11.968,57.12,16000,16000,data/processed\Telugu\Telugu_000066.wav,human
Telugu_000067,Telugu,0,21.408,55.41,16000,16000,data/processed\Telugu\Telugu_000067.wav,human
Telugu_000068,Telugu,0,40.032,63.65,16000,16000,data/processed\Telugu\Telugu_000068.wav,human
Telugu_000069,Telugu,0,8.128,57.17,16000,16000,data/processed\Telugu\Telugu_000069.wav,human
Telugu_000070,Telugu,0,15.552,52.65,16000,16000,data/processed\Telugu\Telugu_000070.wav,human
Telugu_000071,Telugu,0,5.056,53.11,16000,16000,data/processed\Telugu\Telugu_000071.wav,human
Telugu_000072,Telugu,0,9.344,50.69,16000,16000,data/processed\Telugu\Telugu_000072.wav,human
Telugu_000073,Telugu,0,21.888,52.11,16000,16000,data/processed\Telugu\Telugu_000073.wav,human
Telugu_000074,Telugu,0,16.704,51.74,16000,16000,data/processed\Telugu\Telugu_000074.wav,human
Telugu_000075,Telugu,0,9.76,55.19,16000,16000,data/processed\Telugu\Telugu_000075.wav,human
Telugu_000076,Telugu,0,13.024,52.71,16000,16000,data/processed\Telugu\Telugu_000076.wav,human
Telugu_000077,Telugu,0,23.008,55.8,16000,16000,data/processed\Telugu\Telugu_000077.wav,human
Telugu_000078,Telugu,0,15.648,51.53,16000,16000,data/processed\Telugu\Telugu_000078.wav,human
Telugu_000079,Telugu,0,22.048,52.04,16000,16000,data/processed\Telugu\Telugu_000079.wav,human
Telugu_000080,Telugu,0,13.152,52.25,16000,16000,data/processed\Telugu\Telugu_000080.wav,human
Telugu_000081,Telugu,0,6.432,52.74,16000,16000,data/processed\Telugu\Telugu_000081.wav,human
Telugu_000082,Telugu,0,8.768,52.74,16000,16000,data/processed\Telugu\Telugu_000082.wav,human
Telugu_000083,Telugu,0,53.888,54.94,16000,16000,data/processed\Telugu\Telugu_000083.wav,human
Telugu_000084,Telugu,0,32.736,55.93,16000,16000,data/processed\Telugu\Telugu_000084.wav,human
Telugu_000085,Telugu,0,15.68,54.13,16000,16000,data/processed\Telugu\Telugu_000085.wav,human
Telugu_000086,Telugu,0,11.168,53.61,16000,16000,data/processed\Telugu\Telugu_000086.wav,human
Telugu_000087,Telugu,0,24.48,55.8,16000,16000,data/processed\Telugu\Telugu_000087.wav,human
Telugu_000088,Telugu,0,21.728,54.06,16000,16000,data/processed\Telugu\Telugu_000088.wav,human
Telugu_000089,Telugu,0,5.12,51.83,16000,16000,data/processed\Telugu\Telugu_000089.wav,human
Telugu_000090,Telugu,0,17.984,55.07,16000,16000,data/processed\Telugu\Telugu_000090.wav,human
Telugu_000091,Telugu,0,11.552,53.67,16000,16000,data/processed\Telugu\Telugu_000091.wav,human
Telugu_000092,Telugu,0,10.624,57.15,16000,16000,data/processed\Telugu\Telugu_000092.wav,human
Telugu_000093,Telugu,0,14.08,53.41,16000,16000,data/processed\Telugu\Telugu_000093.wav,human
Telugu_000094,Telugu,0,13.024,52.83,16000,16000,data/processed\Telugu\Telugu_000094.wav,human
Telugu_000095,Telugu,0,9.152,50.36,16000,16000,data/processed\Telugu\Telugu_000095.wav,human
Telugu_000096,Telugu,0,17.248,52.11,16000,16000,data/processed\Telugu\Telugu_000096.wav,human
Telugu_000097,Telugu,0,26.176,54.18,16000,16000,data/processed\Telugu\Telugu_000097.wav,human
Telugu_000098,Telugu,0,1.568,43.62,16000,16000,data/processed\Telugu\Telugu_000098.wav,human
Telugu_000099,Telugu,0,59.552,55.79,16000,16000,data/processed\Telugu\Telugu_000099.wav,human
Hindi_000000,Hindi,0,6.72,50.87,48000,16000,data/processed\Hindi\Hindi_000000.wav,human
Hindi_000001,Hindi,0,10.784,50.63,48000,16000,data/processed\Hindi\Hindi_000001.wav,human
Hindi_000002,Hindi,0,2.848,53.96,48000,16000,data/processed\Hindi\Hindi_000002.wav,human
Hindi_000003,Hindi,0,2.624,50.03,48000,16000,data/processed\Hindi\Hindi_000003.wav,human
Hindi_000004,Hindi,0,8.064,51.95,48000,16000,data/processed\Hindi\Hindi_000004.wav,human
Hindi_000005,Hindi,0,8.512,49.02,48000,16000,data/processed\Hindi\Hindi_000005.wav,human
Hindi_000006,Hindi,0,6.176,52.75,48000,16000,data/processed\Hindi\Hindi_000006.wav,human
Hindi_000007,Hindi,0,7.136,49.36,48000,16000,data/processed\Hindi\Hindi_000007.wav,human
Hindi_000008,Hindi,0,5.632,52.45,48000,16000,data/processed\Hindi\Hindi_000008.wav,human
Hindi_000009,Hindi,0,3.616,49.05,48000,16000,data/processed\Hindi\Hindi_000009.wav,human
Hindi_000010,Hindi,0,12.16,49.94,48000,16000,data/processed\Hindi\Hindi_000010.wav,human
Hindi_000011,Hindi,0,10.08,52.62,48000,16000,data/processed\Hindi\Hindi_000011.wav,human
Hindi_000012,Hindi,0,7.552,51.56,48000,16000,data/processed\Hindi\Hindi_000012.wav,human
Hindi_000013,Hindi,0,8.192,50.41,48000,16000,data/processed\Hindi\Hindi_000013.wav,human
Hindi_000014,Hindi,0,8.0,48.71,48000,16000,data/processed\Hindi\Hindi_000014.wav,human
Hindi_000015,Hindi,0,8.192,61.75,48000,16000,data/processed\Hindi\Hindi_000015.wav,human
Hindi_000016,Hindi,0,6.208,50.5,48000,16000,data/processed\Hindi\Hindi_000016.wav,human
Hindi_000017,Hindi,0,4.448,48.82,48000,16000,data/processed\Hindi\Hindi_000017.wav,human
Hindi_000018,Hindi,0,7.776,48.37,48000,16000,data/processed\Hindi\Hindi_000018.wav,human
Hindi_000019,Hindi,0,8.096,48.99,48000,16000,data/processed\Hindi\Hindi_000019.wav,human
Hindi_000020,Hindi,0,9.184,53.22,48000,16000,data/processed\Hindi\Hindi_000020.wav,human
Hindi_000021,Hindi,0,9.952,67.01,48000,16000,data/processed\Hindi\Hindi_000021.wav,human
Hindi_000022,Hindi,0,6.784,53.65,48000,16000,data/processed\Hindi\Hindi_000022.wav,human
Hindi_000023,Hindi,0,4.928,55.24,48000,16000,data/processed\Hindi\Hindi_000023.wav,human
Hindi_000024,Hindi,0,2.336,53.61,48000,16000,data/processed\Hindi\Hindi_000024.wav,human
Hindi_000025,Hindi,0,5.632,54.73,48000,16000,data/processed\Hindi\Hindi_000025.wav,human
Hindi_000026,Hindi,0,4.768,52.77,48000,16000,data/processed\Hindi\Hindi_000026.wav,human
Hindi_000027,Hindi,0,8.576,53.74,48000,16000,data/processed\Hindi\Hindi_000027.wav,human
Hindi_000028,Hindi,0,8.128,55.27,48000,16000,data/processed\Hindi\Hindi_000028.wav,human
Hindi_000029,Hindi,0,11.232,55.88,48000,16000,data/processed\Hindi\Hindi_000029.wav,human
Hindi_000030,Hindi,0,4.032,56.19,48000,16000,data/processed\Hindi\Hindi_000030.wav,human
Hindi_000031,Hindi,0,3.648,54.39,48000,16000,data/processed\Hindi\Hindi_000031.wav,human
Hindi_000032,Hindi,0,3.584,53.28,48000,16000,data/processed\Hindi\Hindi_000032.wav,human
Hindi_000033,Hindi,0,6.656,57.44,48000,16000,data/processed\Hindi\Hindi_000033.wav,human
Hindi_000034,Hindi,0,5.728,52.99,48000,16000,data/processed\Hindi\Hindi_000034.wav,human
Hindi_000035,Hindi,0,5.056,52.59,48000,16000,data/processed\Hindi\Hindi_000035.wav,human
Hindi_000036,Hindi,0,2.816,56.93,48000,16000,data/processed\Hindi\Hindi_000036.wav,human
Hindi_000037,Hindi,0,8.32,55.12,48000,16000,data/processed\Hindi\Hindi_000037.wav,human
Hindi_000038,Hindi,0,8.352,54.05,48000,16000,data/processed\Hindi\Hindi_000038.wav,human
Hindi_000039,Hindi,0,5.088,53.24,48000,16000,data/processed\Hindi\Hindi_000039.wav,human
Hindi_000040,Hindi,0,5.184,54.26,48000,16000,data/processed\Hindi\Hindi_000040.wav,human
Hindi_000041,Hindi,0,3.168,55.27,48000,16000,data/processed\Hindi\Hindi_000041.wav,human
Hindi_000042,Hindi,0,5.152,56.54,48000,16000,data/processed\Hindi\Hindi_000042.wav,human
Hindi_000043,Hindi,0,4.576,53.21,48000,16000,data/processed\Hindi\Hindi_000043.wav,human
Hindi_000044,Hindi,0,3.616,55.25,48000,16000,data/processed\Hindi\Hindi_000044.wav,human
Hindi_000045,Hindi,0,4.096,61.99,48000,16000,data/processed\Hindi\Hindi_000045.wav,human
Hindi_000046,Hindi,0,3.584,47.84,48000,16000,data/processed\Hindi\Hindi_000046.wav,human
Hindi_000047,Hindi,0,5.536,57.25,48000,16000,data/processed\Hindi\Hindi_000047.wav,human
Hindi_000048,Hindi,0,7.968,66.73,48000,16000,data/processed\Hindi\Hindi_000048.wav,human
Hindi_000049,Hindi,0,4.64,54.16,48000,16000,data/processed\Hindi\Hindi_000049.wav,human
Hindi_000050,Hindi,0,3.072,53.38,48000,16000,data/processed\Hindi\Hindi_000050.wav,human
Hindi_000051,Hindi,0,5.536,183.24,48000,16000,data/processed\Hindi\Hindi_000051.wav,human
Hindi_000052,Hindi,0,3.456,53.54,48000,16000,data/processed\Hindi\Hindi_000052.wav,human
Hindi_000053,Hindi,0,2.88,47.67,48000,16000,data/processed\Hindi\Hindi_000053.wav,human
Hindi_000054,Hindi,0,4.032,52.96,48000,16000,data/processed\Hindi\Hindi_000054.wav,human
Hindi_000055,Hindi,0,5.504,52.42,48000,16000,data/processed\Hindi\Hindi_000055.wav,human
Hindi_000056,Hindi,0,4.224,49.27,48000,16000,data/processed\Hindi\Hindi_000056.wav,human
Hindi_000057,Hindi,0,5.248,55.77,48000,16000,data/processed\Hindi\Hindi_000057.wav,human
Hindi_000058,Hindi,0,2.016,56.97,48000,16000,data/processed\Hindi\Hindi_000058.wav,human
Hindi_000059,Hindi,0,7.488,53.82,48000,16000,data/processed\Hindi\Hindi_000059.wav,human
Hindi_000060,Hindi,0,10.752,50.77,48000,16000,data/processed\Hindi\Hindi_000060.wav,human
Hindi_000061,Hindi,0,2.752,57.95,48000,16000,data/processed\Hindi\Hindi_000061.wav,human
Hindi_000062,Hindi,0,7.552,50.23,48000,16000,data/processed\Hindi\Hindi_000062.wav,human
Hindi_000063,Hindi,0,6.336,49.69,48000,16000,data/processed\Hindi\Hindi_000063.wav,human
Hindi_000064,Hindi,0,9.984,51.24,48000,16000,data/processed\Hindi\Hindi_000064.wav,human
Hindi_000065,Hindi,0,8.288,51.06,48000,16000,data/processed\Hindi\Hindi_000065.wav,human
Hindi_000066,Hindi,0,6.08,45.97,48000,16000,data/processed\Hindi\Hindi_000066.wav,human
Hindi_000067,Hindi,0,8.608,46.58,48000,16000,data/processed\Hindi\Hindi_000067.wav,human
Hindi_000068,Hindi,0,7.584,53.43,48000,16000,data/processed\Hindi\Hindi_000068.wav,human
Hindi_000069,Hindi,0,7.84,49.4,48000,16000,data/processed\Hindi\Hindi_000069.wav,human
Hindi_000070,Hindi,0,8.512,51.71,48000,16000,data/processed\Hindi\Hindi_000070.wav,human
Hindi_000071,Hindi,0,12.064,52.46,48000,16000,data/processed\Hindi\Hindi_000071.wav,human
Hindi_000072,Hindi,0,6.88,51.21,48000,16000,data/processed\Hindi\Hindi_000072.wav,human
Hindi_000073,Hindi,0,1.824,42.7,48000,16000,data/processed\Hindi\Hindi_000073.wav,human
Hindi_000074,Hindi,0,9.12,55.7,48000,16000,data/processed\Hindi\Hindi_000074.wav,human
Hindi_000075,Hindi,0,5.216,52.05,48000,16000,data/processed\Hindi\Hindi_000075.wav,human
Hindi_000076,Hindi,0,2.368,50.67,48000,16000,data/processed\Hindi\Hindi_000076.wav,human
Hindi_000077,Hindi,0,7.168,52.61,48000,16000,data/processed\Hindi\Hindi_000077.wav,human
Hindi_000078,Hindi,0,13.088,61.13,48000,16000,data/processed\Hindi\Hindi_000078.wav,human
Hindi_000079,Hindi,0,5.888,52.6,48000,16000,data/processed\Hindi\Hindi_000079.wav,human
Hindi_000080,Hindi,0,9.024,53.67,48000,16000,data/processed\Hindi\Hindi_000080.wav,human
Hindi_000081,Hindi,0,7.008,57.0,48000,16000,data/processed\Hindi\Hindi_000081.wav,human
Hindi_000082,Hindi,0,8.672,56.27,48000,16000,data/processed\Hindi\Hindi_000082.wav,human
Hindi_000083,Hindi,0,3.904,42.48,48000,16000,data/processed\Hindi\Hindi_000083.wav,human
Hindi_000084,Hindi,0,11.36,62.78,48000,16000,data/processed\Hindi\Hindi_000084.wav,human
Hindi_000085,Hindi,0,7.232,51.67,48000,16000,data/processed\Hindi\Hindi_000085.wav,human
Hindi_000086,Hindi,0,5.824,53.27,48000,16000,data/processed\Hindi\Hindi_000086.wav,human
Hindi_000087,Hindi,0,4.896,48.81,48000,16000,data/processed\Hindi\Hindi_000087.wav,human
Hindi_000088,Hindi,0,5.76,53.62,48000,16000,data/processed\Hindi\Hindi_000088.wav,human
Hindi_000089,Hindi,0,9.824,52.98,48000,16000,data/processed\Hindi\Hindi_000089.wav,human
Hindi_000090,Hindi,0,7.872,52.15,48000,16000,data/processed\Hindi\Hindi_000090.wav,human
Hindi_000091,Hindi,0,8.8,51.97,48000,16000,data/processed\Hindi\Hindi_000091.wav,human
Hindi_000092,Hindi,0,4.576,55.1,48000,16000,data/processed\Hindi\Hindi_000092.wav,human
Hindi_000093,Hindi,0,2.624,55.02,48000,16000,data/processed\Hindi\Hindi_000093.wav,human
Hindi_000094,Hindi,0,13.184,61.29,48000,16000,data/processed\Hindi\Hindi_000094.wav,human
Hindi_000095,Hindi,0,7.328,53.69,48000,16000,data/processed\Hindi\Hindi_000095.wav,human
Hindi_000096,Hindi,0,7.84,57.55,48000,16000,data/processed\Hindi\Hindi_000096.wav,human
Hindi_000097,Hindi,0,4.768,45.86,48000,16000,data/processed\Hindi\Hindi_000097.wav,human
Hindi_000098,Hindi,0,13.6,60.5,48000,16000,data/processed\Hindi\Hindi_000098.wav,human
Hindi_000099,Hindi,0,4.992,48.04,48000,16000,data/processed\Hindi\Hindi_000099.wav,human
Tamil_000000,Tamil,0,6.368,39.39,48000,16000,data/processed\Tamil\Tamil_000000.wav,human
Tamil_000001,Tamil,0,4.0,33.72,48000,16000,data/processed\Tamil\Tamil_000001.wav,human
Tamil_000002,Tamil,0,6.752,42.78,48000,16000,data/processed\Tamil\Tamil_000002.wav,human
Tamil_000003,Tamil,0,6.336,41.38,48000,16000,data/processed\Tamil\Tamil_000003.wav,human
Tamil_000004,Tamil,0,5.248,41.31,48000,16000,data/processed\Tamil\Tamil_000004.wav,human
Tamil_000005,Tamil,0,6.232,40.95,48000,16000,data/processed\Tamil\Tamil_000005.wav,human
Tamil_000006,Tamil,0,2.912,39.77,48000,16000,data/processed\Tamil\Tamil_000006.wav,human
Tamil_000007,Tamil,0,7.808,38.2,48000,16000,data/processed\Tamil\Tamil_000007.wav,human
Tamil_000008,Tamil,0,6.816,38.07,48000,16000,data/processed\Tamil\Tamil_000008.wav,human
Tamil_000009,Tamil,0,6.08,41.39,48000,16000,data/processed\Tamil\Tamil_000009.wav,human
Tamil_000010,Tamil,0,2.112,39.07,48000,16000,data/processed\Tamil\Tamil_000010.wav,human
Tamil_000011,Tamil,0,5.056,37.19,48000,16000,data/processed\Tamil\Tamil_000011.wav,human
Tamil_000012,Tamil,0,5.12,40.0,48000,16000,data/processed\Tamil\Tamil_000012.wav,human
Tamil_000013,Tamil,0,9.376,43.48,48000,16000,data/processed\Tamil\Tamil_000013.wav,human
Tamil_000014,Tamil,0,2.048,34.77,48000,16000,data/processed\Tamil\Tamil_000014.wav,human
Tamil_000015,Tamil,0,5.44,39.18,48000,16000,data/processed\Tamil\Tamil_000015.wav,human
Tamil_000016,Tamil,0,8.8,41.74,48000,16000,data/processed\Tamil\Tamil_000016.wav,human
Tamil_000017,Tamil,0,2.752,38.82,48000,16000,data/processed\Tamil\Tamil_000017.wav,human
Tamil_000018,Tamil,0,3.104,39.27,48000,16000,data/processed\Tamil\Tamil_000018.wav,human
Tamil_000019,Tamil,0,2.784,39.35,48000,16000,data/processed\Tamil\Tamil_000019.wav,human
Tamil_000020,Tamil,0,2.976,39.37,48000,16000,data/processed\Tamil\Tamil_000020.wav,human
Tamil_000021,Tamil,0,1.504,42.11,48000,16000,data/processed\Tamil\Tamil_000021.wav,human
Tamil_000022,Tamil,0,4.0,36.13,48000,16000,data/processed\Tamil\Tamil_000022.wav,human
Tamil_000023,Tamil,0,10.464,39.59,48000,16000,data/processed\Tamil\Tamil_000023.wav,human
Tamil_000024,Tamil,0,2.368,44.53,48000,16000,data/processed\Tamil\Tamil_000024.wav,human
Tamil_000025,Tamil,0,6.208,37.54,48000,16000,data/processed\Tamil\Tamil_000025.wav,human
Tamil_000026,Tamil,0,2.944,39.85,48000,16000,data/processed\Tamil\Tamil_000026.wav,human
Tamil_000027,Tamil,0,9.384,40.82,48000,16000,data/processed\Tamil\Tamil_000027.wav,human
Tamil_000028,Tamil,0,6.848,38.54,48000,16000,data/processed\Tamil\Tamil_000028.wav,human
Tamil_000029,Tamil,0,5.216,38.34,48000,16000,data/processed\Tamil\Tamil_000029.wav,human
Tamil_000030,Tamil,0,8.058,40.73,48000,16000,data/processed\Tamil\Tamil_000030.wav,human
Tamil_000031,Tamil,0,10.56,39.44,48000,16000,data/processed\Tamil\Tamil_000031.wav,human
Tamil_000032,Tamil,0,8.608,38.45,48000,16000,data/processed\Tamil\Tamil_000032.wav,human
Tamil_000033,Tamil,0,6.624,37.9,48000,16000,data/processed\Tamil\Tamil_000033.wav,human
Tamil_000034,Tamil,0,3.136,34.38,48000,16000,data/processed\Tamil\Tamil_000034.wav,human
Tamil_000035,Tamil,0,9.088,40.76,48000,16000,data/processed\Tamil\Tamil_000035.wav,human
Tamil_000036,Tamil,0,3.296,36.68,48000,16000,data/processed\Tamil\Tamil_000036.wav,human
Tamil_000037,Tamil,0,8.32,38.64,48000,16000,data/processed\Tamil\Tamil_000037.wav,human
Tamil_000038,Tamil,0,2.08,36.1,48000,16000,data/processed\Tamil\Tamil_000038.wav,human
Tamil_000039,Tamil,0,2.784,39.89,48000,16000,data/processed\Tamil\Tamil_000039.wav,human
Tamil_000040,Tamil,0,7.328,37.3,48000,16000,data/processed\Tamil\Tamil_000040.wav,human
Tamil_000041,Tamil,0,10.016,36.02,48000,16000,data/processed\Tamil\Tamil_000041.wav,human
Tamil_000042,Tamil,0,3.488,39.45,48000,16000,data/processed\Tamil\Tamil_000042.wav,human
Tamil_000043,Tamil,0,5.408,37.11,48000,16000,data/processed\Tamil\Tamil_000043.wav,human
Tamil_000044,Tamil,0,5.216,38.6,48000,16000,data/processed\Tamil\Tamil_000044.wav,human
Tamil_000045,Tamil,0,2.816,33.85,48000,16000,data/processed\Tamil\Tamil_000045.wav,human
Tamil_000046,Tamil,0,4.64,36.46,48000,16000,data/processed\Tamil\Tamil_000046.wav,human
Tamil_000047,Tamil,0,3.104,32.89,48000,16000,data/processed\Tamil\Tamil_000047.wav,human
Tamil_000048,Tamil,0,9.12,41.03,48000,16000,data/processed\Tamil\Tamil_000048.wav,human
Tamil_000049,Tamil,0,8.736,40.78,48000,16000,data/processed\Tamil\Tamil_000049.wav,human
Tamil_000050,Tamil,0,2.56,40.14,48000,16000,data/processed\Tamil\Tamil_000050.wav,human
Tamil_000051,Tamil,0,8.64,37.32,48000,16000,data/processed\Tamil\Tamil_000051.wav,human
Tamil_000052,Tamil,0,10.176,38.16,48000,16000,data/processed\Tamil\Tamil_000052.wav,human
Tamil_000053,Tamil,0,2.272,35.98,48000,16000,data/processed\Tamil\Tamil_000053.wav,human
Tamil_000054,Tamil,0,4.672,37.55,48000,16000,data/processed\Tamil\Tamil_000054.wav,human
Tamil_000055,Tamil,0,7.136,42.6,48000,16000,data/processed\Tamil\Tamil_000055.wav,human
Tamil_000056,Tamil,0,3.744,43.5,48000,16000,data/processed\Tamil\Tamil_000056.wav,human
Tamil_000057,Tamil,0,9.536,41.39,48000,16000,data/processed\Tamil\Tamil_000057.wav,human
Tamil_000058,Tamil,0,6.496,40.67,48000,16000,data/processed\Tamil\Tamil_000058.wav,human
Tamil_000059,Tamil,0,7.52,34.86,48000,16000,data/processed\Tamil\Tamil_000059.wav,human
Tamil_000060,Tamil,0,3.872,35.43,48000,16000,data/processed\Tamil\Tamil_000060.wav,human
Tamil_000061,Tamil,0,4.544,35.16,48000,16000,data/processed\Tamil\Tamil_000061.wav,human
Tamil_000062,Tamil,0,4.285,34.79,48000,16000,data/processed\Tamil\Tamil_000062.wav,human
Tamil_000063,Tamil,0,4.576,38.9,48000,16000,data/processed\Tamil\Tamil_000063.wav,human
Tamil_000064,Tamil,0,9.44,38.69,48000,16000,data/processed\Tamil\Tamil_000064.wav,human
Tamil_000065,Tamil,0,3.168,34.62,48000,16000,data/processed\Tamil\Tamil_000065.wav,human
Tamil_000066,Tamil,0,3.808,37.23,48000,16000,data/processed\Tamil\Tamil_000066.wav,human
Tamil_000067,Tamil,0,6.912,37.45,48000,16000,data/processed\Tamil\Tamil_000067.wav,human
Tamil_000068,Tamil,0,3.904,41.57,48000,16000,data/processed\Tamil\Tamil_000068.wav,human
Tamil_000069,Tamil,0,4.64,39.41,48000,16000,data/processed\Tamil\Tamil_000069.wav,human
Tamil_000070,Tamil,0,5.312,38.95,48000,16000,data/processed\Tamil\Tamil_000070.wav,human
Tamil_000071,Tamil,0,5.92,36.19,48000,16000,data/processed\Tamil\Tamil_000071.wav,human
Tamil_000072,Tamil,0,3.136,38.71,48000,16000,data/processed\Tamil\Tamil_000072.wav,human
Tamil_000073,Tamil,0,5.76,43.13,48000,16000,data/processed\Tamil\Tamil_000073.wav,human
Tamil_000074,Tamil,0,1.664,39.56,48000,16000,data/processed\Tamil\Tamil_000074.wav,human
Tamil_000075,Tamil,0,7.328,39.49,48000,16000,data/processed\Tamil\Tamil_000075.wav,human
Tamil_000076,Tamil,0,8.224,40.62,48000,16000,data/processed\Tamil\Tamil_000076.wav,human
Tamil_000077,Tamil,0,1.664,38.73,48000,16000,data/processed\Tamil\Tamil_000077.wav,human
Tamil_000078,Tamil,0,6.944,40.49,48000,16000,data/processed\Tamil\Tamil_000078.wav,human
Tamil_000079,Tamil,0,7.712,40.05,48000,16000,data/processed\Tamil\Tamil_000079.wav,human
Tamil_000080,Tamil,0,3.648,33.87,48000,16000,data/processed\Tamil\Tamil_000080.wav,human
Tamil_000081,Tamil,0,5.408,39.88,48000,16000,data/processed\Tamil\Tamil_000081.wav,human
Tamil_000082,Tamil,0,4.448,37.44,48000,16000,data/processed\Tamil\Tamil_000082.wav,human
Tamil_000083,Tamil,0,4.64,41.67,48000,16000,data/processed\Tamil\Tamil_000083.wav,human
Tamil_000084,Tamil,0,7.168,41.86,48000,16000,data/processed\Tamil\Tamil_000084.wav,human
Tamil_000085,Tamil,0,2.624,38.2,48000,16000,data/processed\Tamil\Tamil_000085.wav,human
Tamil_000086,Tamil,0,3.872,38.05,48000,16000,data/processed\Tamil\Tamil_000086.wav,human
Tamil_000087,Tamil,0,7.072,40.91,48000,16000,data/processed\Tamil\Tamil_000087.wav,human
Tamil_000088,Tamil,0,8.096,40.24,48000,16000,data/processed\Tamil\Tamil_000088.wav,human
Tamil_000089,Tamil,0,5.504,44.58,48000,16000,data/processed\Tamil\Tamil_000089.wav,human
Tamil_000090,Tamil,0,5.248,38.41,48000,16000,data/processed\Tamil\Tamil_000090.wav,human
Tamil_000091,Tamil,0,8.416,36.86,48000,16000,data/processed\Tamil\Tamil_000091.wav,human
Tamil_000092,Tamil,0,10.368,40.47,48000,16000,data/processed\Tamil\Tamil_000092.wav,human
Tamil_000093,Tamil,0,6.624,37.9,48000,16000,data/processed\Tamil\Tamil_000093.wav,human
Tamil_000094,Tamil,0,4.64,37.61,48000,16000,data/processed\Tamil\Tamil_000094.wav,human
Tamil_000095,Tamil,0,11.936,37.32,48000,16000,data/processed\Tamil\Tamil_000095.wav,human
Tamil_000096,Tamil,0,4.384,37.66,48000,16000,data/processed\Tamil\Tamil_000096.wav,human
Tamil_000097,Tamil,0,5.376,37.94,48000,16000,data/processed\Tamil\Tamil_000097.wav,human
Tamil_000098,Tamil,0,4.128,38.99,48000,16000,data/processed\Tamil\Tamil_000098.wav,human
Tamil_000099,Tamil,0,7.424,39.7,48000,16000,data/processed\Tamil\Tamil_000099.wav,human
Kannada_000000,Kannada,0,11.904,49.34,48000,16000,data/processed\Kannada\Kannada_000000.wav,human
Kannada_000001,Kannada,0,12.544,45.21,48000,16000,data/processed\Kannada\Kannada_000001.wav,human
Kannada_000002,Kannada,0,8.16,53.45,48000,16000,data/processed\Kannada\Kannada_000002.wav,human
Kannada_000003,Kannada,0,2.944,53.77,48000,16000,data/processed\Kannada\Kannada_000003.wav,human
Kannada_000004,Kannada,0,15.232,50.04,48000,16000,data/processed\Kannada\Kannada_000004.wav,human
Kannada_000005,Kannada,0,14.912,42.64,48000,16000,data/processed\Kannada\Kannada_000005.wav,human
Kannada_000006,Kannada,0,17.152,46.6,48000,16000,data/processed\Kannada\Kannada_000006.wav,human
Kannada_000007,Kannada,0,7.584,38.71,48000,16000,data/processed\Kannada\Kannada_000007.wav,human
Kannada_000008,Kannada,0,15.264,46.88,48000,16000,data/processed\Kannada\Kannada_000008.wav,human
Kannada_000009,Kannada,0,11.648,45.76,48000,16000,data/processed\Kannada\Kannada_000009.wav,human
Kannada_000010,Kannada,0,7.168,43.52,48000,16000,data/processed\Kannada\Kannada_000010.wav,human
Kannada_000011,Kannada,0,8.896,41.06,48000,16000,data/processed\Kannada\Kannada_000011.wav,human
Kannada_000012,Kannada,0,7.136,46.47,48000,16000,data/processed\Kannada\Kannada_000012.wav,human
Kannada_000013,Kannada,0,13.024,46.42,48000,16000,data/processed\Kannada\Kannada_000013.wav,human
Kannada_000014,Kannada,0,8.992,37.26,48000,16000,data/processed\Kannada\Kannada_000014.wav,human
Kannada_000015,Kannada,0,7.456,44.08,48000,16000,data/processed\Kannada\Kannada_000015.wav,human
Kannada_000016,Kannada,0,9.408,44.42,48000,16000,data/processed\Kannada\Kannada_000016.wav,human
Kannada_000017,Kannada,0,5.696,41.97,48000,16000,data/processed\Kannada\Kannada_000017.wav,human
Kannada_000018,Kannada,0,7.104,46.07,48000,16000,data/processed\Kannada\Kannada_000018.wav,human
Kannada_000019,Kannada,0,11.168,42.99,48000,16000,data/processed\Kannada\Kannada_000019.wav,human
Kannada_000020,Kannada,0,12.704,46.26,48000,16000,data/processed\Kannada\Kannada_000020.wav,human
Kannada_000021,Kannada,0,14.688,44.51,48000,16000,data/processed\Kannada\Kannada_000021.wav,human
Kannada_000022,Kannada,0,10.88,43.07,48000,16000,data/processed\Kannada\Kannada_000022.wav,human
Kannada_000023,Kannada,0,13.504,47.98,48000,16000,data/processed\Kannada\Kannada_000023.wav,human
Kannada_000024,Kannada,0,6.368,43.14,48000,16000,data/processed\Kannada\Kannada_000024.wav,human
Kannada_000025,Kannada,0,14.624,46.26,48000,16000,data/processed\Kannada\Kannada_000025.wav,human
Kannada_000026,Kannada,0,6.144,46.37,48000,16000,data/processed\Kannada\Kannada_000026.wav,human
Kannada_000027,Kannada,0,8.128,36.45,48000,16000,data/processed\Kannada\Kannada_000027.wav,human
Kannada_000028,Kannada,0,5.248,43.23,48000,16000,data/processed\Kannada\Kannada_000028.wav,human
Kannada_000029,Kannada,0,5.088,47.66,48000,16000,data/processed\Kannada\Kannada_000029.wav,human
Kannada_000030,Kannada,0,8.352,43.98,48000,16000,data/processed\Kannada\Kannada_000030.wav,human
Kannada_000031,Kannada,0,10.208,43.01,48000,16000,data/processed\Kannada\Kannada_000031.wav,human
Kannada_000032,Kannada,0,15.328,44.2,48000,16000,data/processed\Kannada\Kannada_000032.wav,human
Kannada_000033,Kannada,0,9.44,44.3,48000,16000,data/processed\Kannada\Kannada_000033.wav,human
Kannada_000034,Kannada,0,16.416,42.97,48000,16000,data/processed\Kannada\Kannada_000034.wav,human
Kannada_000035,Kannada,0,6.016,41.2,48000,16000,data/processed\Kannada\Kannada_000035.wav,human
Kannada_000036,Kannada,0,16.672,48.67,48000,16000,data/processed\Kannada\Kannada_000036.wav,human
Kannada_000037,Kannada,0,7.68,48.18,48000,16000,data/processed\Kannada\Kannada_000037.wav,human
Kannada_000038,Kannada,0,17.472,43.06,48000,16000,data/processed\Kannada\Kannada_000038.wav,human
Kannada_000039,Kannada,0,19.808,46.82,48000,16000,data/processed\Kannada\Kannada_000039.wav,human
Kannada_000040,Kannada,0,7.136,45.42,48000,16000,data/processed\Kannada\Kannada_000040.wav,human
Kannada_000041,Kannada,0,10.912,48.46,48000,16000,data/processed\Kannada\Kannada_000041.wav,human
Kannada_000042,Kannada,0,11.424,44.06,48000,16000,data/processed\Kannada\Kannada_000042.wav,human
Kannada_000043,Kannada,0,15.456,43.83,48000,16000,data/processed\Kannada\Kannada_000043.wav,human
Kannada_000044,Kannada,0,9.728,45.06,48000,16000,data/processed\Kannada\Kannada_000044.wav,human
Kannada_000045,Kannada,0,18.272,44.82,48000,16000,data/processed\Kannada\Kannada_000045.wav,human
Kannada_000046,Kannada,0,4.896,47.42,48000,16000,data/processed\Kannada\Kannada_000046.wav,human
Kannada_000047,Kannada,0,7.232,46.4,48000,16000,data/processed\Kannada\Kannada_000047.wav,human
Kannada_000048,Kannada,0,13.024,47.18,48000,16000,data/processed\Kannada\Kannada_000048.wav,human
Kannada_000049,Kannada,0,7.328,43.37,48000,16000,data/processed\Kannada\Kannada_000049.wav,human
Kannada_000050,Kannada,0,8.704,46.49,48000,16000,data/processed\Kannada\Kannada_000050.wav,human
Kannada_000051,Kannada,0,16.864,42.85,48000,16000,data/processed\Kannada\Kannada_000051.wav,human
Kannada_000052,Kannada,0,11.744,45.43,48000,16000,data/processed\Kannada\Kannada_000052.wav,human
Kannada_000053,Kannada,0,9.472,43.69,48000,16000,data/processed\Kannada\Kannada_000053.wav,human
Kannada_000054,Kannada,0,10.048,45.59,48000,16000,data/processed\Kannada\Kannada_000054.wav,human
Kannada_000055,Kannada,0,11.872,48.48,48000,16000,data/processed\Kannada\Kannada_000055.wav,human
Kannada_000056,Kannada,0,5.6,45.59,48000,16000,data/processed\Kannada\Kannada_000056.wav,human
Kannada_000057,Kannada,0,14.016,48.13,48000,16000,data/processed\Kannada\Kannada_000057.wav,human
Kannada_000058,Kannada,0,15.712,47.4,48000,16000,data/processed\Kannada\Kannada_000058.wav,human
Kannada_000059,Kannada,0,13.056,46.93,48000,16000,data/processed\Kannada\Kannada_000059.wav,human
Kannada_000060,Kannada,0,12.064,44.99,48000,16000,data/processed\Kannada\Kannada_000060.wav,human
Kannada_000061,Kannada,0,11.584,47.98,48000,16000,data/processed\Kannada\Kannada_000061.wav,human
Kannada_000062,Kannada,0,5.376,48.35,48000,16000,data/processed\Kannada\Kannada_000062.wav,human
Kannada_000063,Kannada,0,9.92,38.2,48000,16000,data/processed\Kannada\Kannada_000063.wav,human
Kannada_000064,Kannada,0,11.52,47.52,48000,16000,data/processed\Kannada\Kannada_000064.wav,human
Kannada_000065,Kannada,0,7.776,46.58,48000,16000,data/processed\Kannada\Kannada_000065.wav,human
Kannada_000066,Kannada,0,6.656,46.83,48000,16000,data/processed\Kannada\Kannada_000066.wav,human
Kannada_000067,Kannada,0,16.16,44.47,48000,16000,data/processed\Kannada\Kannada_000067.wav,human
Kannada_000068,Kannada,0,14.624,42.6,48000,16000,data/processed\Kannada\Kannada_000068.wav,human
Kannada_000069,Kannada,0,11.488,49.71,48000,16000,data/processed\Kannada\Kannada_000069.wav,human
Kannada_000070,Kannada,0,16.032,47.59,48000,16000,data/processed\Kannada\Kannada_000070.wav,human
Kannada_000071,Kannada,0,21.632,46.68,48000,16000,data/processed\Kannada\Kannada_000071.wav,human
Kannada_000072,Kannada,0,8.896,48.67,48000,16000,data/processed\Kannada\Kannada_000072.wav,human
Kannada_000073,Kannada,0,6.272,47.14,48000,16000,data/processed\Kannada\Kannada_000073.wav,human
Kannada_000074,Kannada,0,12.032,45.55,48000,16000,data/processed\Kannada\Kannada_000074.wav,human
Kannada_000075,Kannada,0,11.776,45.72,48000,16000,data/processed\Kannada\Kannada_000075.wav,human
Kannada_000076,Kannada,0,13.152,55.85,48000,16000,data/processed\Kannada\Kannada_000076.wav,human
Kannada_000077,Kannada,0,20.416,54.18,48000,16000,data/processed\Kannada\Kannada_000077.wav,human
Kannada_000078,Kannada,0,12.032,45.72,48000,16000,data/processed\Kannada\Kannada_000078.wav,human
Kannada_000079,Kannada,0,13.568,46.88,48000,16000,data/processed\Kannada\Kannada_000079.wav,human
Kannada_000080,Kannada,0,10.848,45.41,48000,16000,data/processed\Kannada\Kannada_000080.wav,human
Kannada_000081,Kannada,0,12.064,48.07,48000,16000,data/processed\Kannada\Kannada_000081.wav,human
Kannada_000082,Kannada,0,12.576,44.93,48000,16000,data/processed\Kannada\Kannada_000082.wav,human
Kannada_000083,Kannada,0,14.656,47.36,48000,16000,data/processed\Kannada\Kannada_000083.wav,human
Kannada_000084,Kannada,0,11.936,48.59,48000,16000,data/processed\Kannada\Kannada_000084.wav,human
Kannada_000085,Kannada,0,9.984,50.63,48000,16000,data/processed\Kannada\Kannada_000085.wav,human
Kannada_000086,Kannada,0,20.544,50.54,48000,16000,data/processed\Kannada\Kannada_000086.wav,human
Kannada_000087,Kannada,0,14.08,46.95,48000,16000,data/processed\Kannada\Kannada_000087.wav,human
Kannada_000088,Kannada,0,21.792,48.3,48000,16000,data/processed\Kannada\Kannada_000088.wav,human
Kannada_000089,Kannada,0,15.648,58.74,48000,16000,data/processed\Kannada\Kannada_000089.wav,human
Kannada_000090,Kannada,0,12.64,49.38,48000,16000,data/processed\Kannada\Kannada_000090.wav,human
Kannada_000091,Kannada,0,10.688,45.73,48000,16000,data/processed\Kannada\Kannada_000091.wav,human
Kannada_000092,Kannada,0,16.576,52.78,48000,16000,data/processed\Kannada\Kannada_000092.wav,human
Kannada_000093,Kannada,0,6.432,44.57,48000,16000,data/processed\Kannada\Kannada_000093.wav,human
Kannada_000094,Kannada,0,10.016,48.78,48000,16000,data/processed\Kannada\Kannada_000094.wav,human
Kannada_000095,Kannada,0,6.24,51.94,48000,16000,data/processed\Kannada\Kannada_000095.wav,human
Kannada_000096,Kannada,0,10.208,50.25,48000,16000,data/processed\Kannada\Kannada_000096.wav,human
Kannada_000097,Kannada,0,9.024,47.36,48000,16000,data/processed\Kannada\Kannada_000097.wav,human
Kannada_000098,Kannada,0,6.4,48.32,48000,16000,data/processed\Kannada\Kannada_000098.wav,human
Kannada_000099,Kannada,0,13.056,46.47,48000,16000,data/processed\Kannada\Kannada_000099.wav,human
Malayalam_000000,Malayalam,0,2.304,46.0,48000,16000,data/processed\Malayalam\Malayalam_000000.wav,human
Malayalam_000001,Malayalam,0,5.216,47.94,48000,16000,data/processed\Malayalam\Malayalam_000001.wav,human
Malayalam_000002,Malayalam,0,5.184,50.71,48000,16000,data/processed\Malayalam\Malayalam_000002.wav,human
Malayalam_000003,Malayalam,0,7.2,44.89,48000,16000,data/processed\Malayalam\Malayalam_000003.wav,human
Malayalam_000004,Malayalam,0,3.104,39.5,48000,16000,data/processed\Malayalam\Malayalam_000004.wav,human
Malayalam_000005,Malayalam,0,4.256,49.2,48000,16000,data/processed\Malayalam\Malayalam_000005.wav,human
Malayalam_000006,Malayalam,0,5.312,45.77,48000,16000,data/processed\Malayalam\Malayalam_000006.wav,human
Malayalam_000007,Malayalam,0,3.04,43.99,48000,16000,data/processed\Malayalam\Malayalam_000007.wav,human
Malayalam_000008,Malayalam,0,3.264,44.76,48000,16000,data/processed\Malayalam\Malayalam_000008.wav,human
Malayalam_000009,Malayalam,0,6.624,45.39,48000,16000,data/processed\Malayalam\Malayalam_000009.wav,human
Malayalam_000010,Malayalam,0,5.952,45.91,48000,16000,data/processed\Malayalam\Malayalam_000010.wav,human
Malayalam_000011,Malayalam,0,6.688,50.73,48000,16000,data/processed\Malayalam\Malayalam_000011.wav,human
Malayalam_000012,Malayalam,0,2.208,46.28,48000,16000,data/processed\Malayalam\Malayalam_000012.wav,human
Malayalam_000013,Malayalam,0,3.296,48.51,48000,16000,data/processed\Malayalam\Malayalam_000013.wav,human
Malayalam_000014,Malayalam,0,4.576,49.15,48000,16000,data/processed\Malayalam\Malayalam_000014.wav,human
Malayalam_000015,Malayalam,0,3.552,41.79,48000,16000,data/processed\Malayalam\Malayalam_000015.wav,human
Malayalam_000016,Malayalam,0,4.896,45.24,48000,16000,data/processed\Malayalam\Malayalam_000016.wav,human
Malayalam_000017,Malayalam,0,3.168,49.97,48000,16000,data/processed\Malayalam\Malayalam_000017.wav,human
Malayalam_000018,Malayalam,0,3.584,40.16,48000,16000,data/processed\Malayalam\Malayalam_000018.wav,human
Malayalam_000019,Malayalam,0,2.816,43.43,48000,16000,data/processed\Malayalam\Malayalam_000019.wav,human
Malayalam_000020,Malayalam,0,7.584,47.99,48000,16000,data/processed\Malayalam\Malayalam_000020.wav,human
Malayalam_000021,Malayalam,0,4.096,46.01,48000,16000,data/processed\Malayalam\Malayalam_000021.wav,human
Malayalam_000022,Malayalam,0,1.792,38.29,48000,16000,data/processed\Malayalam\Malayalam_000022.wav,human
Malayalam_000023,Malayalam,0,2.304,38.86,48000,16000,data/processed\Malayalam\Malayalam_000023.wav,human
Malayalam_000024,Malayalam,0,2.304,44.4,48000,16000,data/processed\Malayalam\Malayalam_000024.wav,human
Malayalam_000025,Malayalam,0,4.608,42.35,48000,16000,data/processed\Malayalam\Malayalam_000025.wav,human
Malayalam_000026,Malayalam,0,2.592,44.96,48000,16000,data/processed\Malayalam\Malayalam_000026.wav,human
Malayalam_000027,Malayalam,0,5.344,47.0,48000,16000,data/processed\Malayalam\Malayalam_000027.wav,human
Malayalam_000028,Malayalam,0,7.68,51.34,48000,16000,data/processed\Malayalam\Malayalam_000028.wav,human
Malayalam_000029,Malayalam,0,6.304,48.63,48000,16000,data/processed\Malayalam\Malayalam_000029.wav,human
Malayalam_000030,Malayalam,0,3.232,41.96,48000,16000,data/processed\Malayalam\Malayalam_000030.wav,human
Malayalam_000031,Malayalam,0,5.504,46.46,48000,16000,data/processed\Malayalam\Malayalam_000031.wav,human
Malayalam_000032,Malayalam,0,2.528,42.32,48000,16000,data/processed\Malayalam\Malayalam_000032.wav,human
Malayalam_000033,Malayalam,0,3.712,48.93,48000,16000,data/processed\Malayalam\Malayalam_000033.wav,human
Malayalam_000034,Malayalam,0,3.232,43.36,48000,16000,data/processed\Malayalam\Malayalam_000034.wav,human
Malayalam_000035,Malayalam,0,3.232,41.55,48000,16000,data/processed\Malayalam\Malayalam_000035.wav,human
Malayalam_000036,Malayalam,0,3.968,50.6,48000,16000,data/processed\Malayalam\Malayalam_000036.wav,human
Malayalam_000037,Malayalam,0,5.376,46.79,48000,16000,data/processed\Malayalam\Malayalam_000037.wav,human
Malayalam_000038,Malayalam,0,6.304,46.84,48000,16000,data/processed\Malayalam\Malayalam_000038.wav,human
Malayalam_000039,Malayalam,0,4.064,49.14,48000,16000,data/processed\Malayalam\Malayalam_000039.wav,human
Malayalam_000040,Malayalam,0,3.744,43.5,48000,16000,data/processed\Malayalam\Malayalam_000040.wav,human
Malayalam_000041,Malayalam,0,3.008,40.2,48000,16000,data/processed\Malayalam\Malayalam_000041.wav,human
Malayalam_000042,Malayalam,0,2.976,43.09,48000,16000,data/processed\Malayalam\Malayalam_000042.wav,human
Malayalam_000043,Malayalam,0,4.704,43.97,48000,16000,data/processed\Malayalam\Malayalam_000043.wav,human
Malayalam_000044,Malayalam,0,4.032,41.86,48000,16000,data/processed\Malayalam\Malayalam_000044.wav,human
Malayalam_000045,Malayalam,0,2.752,50.73,48000,16000,data/processed\Malayalam\Malayalam_000045.wav,human
Malayalam_000046,Malayalam,0,4.992,47.07,48000,16000,data/processed\Malayalam\Malayalam_000046.wav,human
Malayalam_000047,Malayalam,0,3.2,53.09,48000,16000,data/processed\Malayalam\Malayalam_000047.wav,human
Malayalam_000048,Malayalam,0,6.72,52.01,48000,16000,data/processed\Malayalam\Malayalam_000048.wav,human
Malayalam_000049,Malayalam,0,10.08,48.74,48000,16000,data/processed\Malayalam\Malayalam_000049.wav,human
Malayalam_000050,Malayalam,0,2.24,58.43,48000,16000,data/processed\Malayalam\Malayalam_000050.wav,human
Malayalam_000051,Malayalam,0,7.424,50.25,48000,16000,data/processed\Malayalam\Malayalam_000051.wav,human
Malayalam_000052,Malayalam,0,1.856,46.13,48000,16000,data/processed\Malayalam\Malayalam_000052.wav,human
Malayalam_000053,Malayalam,0,2.464,48.83,48000,16000,data/processed\Malayalam\Malayalam_000053.wav,human
Malayalam_000054,Malayalam,0,6.016,48.57,48000,16000,data/processed\Malayalam\Malayalam_000054.wav,human
Malayalam_000055,Malayalam,0,4.352,41.47,48000,16000,data/processed\Malayalam\Malayalam_000055.wav,human
Malayalam_000056,Malayalam,0,3.264,46.67,48000,16000,data/processed\Malayalam\Malayalam_000056.wav,human
Malayalam_000057,Malayalam,0,7.36,47.35,48000,16000,data/processed\Malayalam\Malayalam_000057.wav,human
Malayalam_000058,Malayalam,0,5.76,47.9,48000,16000,data/processed\Malayalam\Malayalam_000058.wav,human
Malayalam_000059,Malayalam,0,6.048,47.59,48000,16000,data/processed\Malayalam\Malayalam_000059.wav,human
Malayalam_000060,Malayalam,0,6.592,51.88,48000,16000,data/processed\Malayalam\Malayalam_000060.wav,human
Malayalam_000061,Malayalam,0,4.672,40.12,48000,16000,data/processed\Malayalam\Malayalam_000061.wav,human
Malayalam_000062,Malayalam,0,8.672,48.58,48000,16000,data/processed\Malayalam\Malayalam_000062.wav,human
Malayalam_000063,Malayalam,0,4.096,48.78,48000,16000,data/processed\Malayalam\Malayalam_000063.wav,human
Malayalam_000064,Malayalam,0,2.016,46.05,48000,16000,data/processed\Malayalam\Malayalam_000064.wav,human
Malayalam_000065,Malayalam,0,4.16,45.18,48000,16000,data/processed\Malayalam\Malayalam_000065.wav,human
Malayalam_000066,Malayalam,0,11.808,52.06,48000,16000,data/processed\Malayalam\Malayalam_000066.wav,human
Malayalam_000067,Malayalam,0,7.712,46.37,48000,16000,data/processed\Malayalam\Malayalam_000067.wav,human
Malayalam_000068,Malayalam,0,5.28,49.34,48000,16000,data/processed\Malayalam\Malayalam_000068.wav,human
Malayalam_000069,Malayalam,0,4.096,42.76,48000,16000,data/processed\Malayalam\Malayalam_000069.wav,human
Malayalam_000070,Malayalam,0,3.264,37.2,48000,16000,data/processed\Malayalam\Malayalam_000070.wav,human
Malayalam_000071,Malayalam,0,7.712,48.19,48000,16000,data/processed\Malayalam\Malayalam_000071.wav,human
Malayalam_000072,Malayalam,0,4.768,46.96,48000,16000,data/processed\Malayalam\Malayalam_000072.wav,human
Malayalam_000073,Malayalam,0,4.288,39.97,48000,16000,data/processed\Malayalam\Malayalam_000073.wav,human
Malayalam_000074,Malayalam,0,3.744,51.46,48000,16000,data/processed\Malayalam\Malayalam_000074.wav,human
Malayalam_000075,Malayalam,0,6.176,50.12,48000,16000,data/processed\Malayalam\Malayalam_000075.wav,human
Malayalam_000076,Malayalam,0,4.288,48.15,48000,16000,data/processed\Malayalam\Malayalam_000076.wav,human
Malayalam_000077,Malayalam,0,7.456,42.82,48000,16000,data/processed\Malayalam\Malayalam_000077.wav,human
Malayalam_000078,Malayalam,0,5.312,50.6,48000,16000,data/processed\Malayalam\Malayalam_000078.wav,human
Malayalam_000079,Malayalam,0,2.528,44.97,48000,16000,data/processed\Malayalam\Malayalam_000079.wav,human
Malayalam_000080,Malayalam,0,4.192,49.83,48000,16000,data/processed\Malayalam\Malayalam_000080.wav,human
Malayalam_000081,Malayalam,0,3.712,38.0,48000,16000,data/processed\Malayalam\Malayalam_000081.wav,human
Malayalam_000082,Malayalam,0,3.456,49.09,48000,16000,data/processed\Malayalam\Malayalam_000082.wav,human
Malayalam_000083,Malayalam,0,3.104,48.31,48000,16000,data/processed\Malayalam\Malayalam_000083.wav,human
Malayalam_000084,Malayalam,0,3.264,47.34,48000,16000,data/processed\Malayalam\Malayalam_000084.wav,human
Malayalam_000085,Malayalam,0,6.016,48.43,48000,16000,data/processed\Malayalam\Malayalam_000085.wav,human
Malayalam_000086,Malayalam,0,8.928,46.25,48000,16000,data/processed\Malayalam\Malayalam_000086.wav,human
Malayalam_000087,Malayalam,0,3.552,44.0,48000,16000,data/processed\Malayalam\Malayalam_000087.wav,human
Malayalam_000088,Malayalam,0,4.64,47.57,48000,16000,data/processed\Malayalam\Malayalam_000088.wav,human
Malayalam_000089,Malayalam,0,5.312,47.87,48000,16000,data/processed\Malayalam\Malayalam_000089.wav,human
Malayalam_000090,Malayalam,0,2.944,42.79,48000,16000,data/processed\Malayalam\Malayalam_000090.wav,human
Malayalam_000091,Malayalam,0,3.584,45.14,48000,16000,data/processed\Malayalam\Malayalam_000091.wav,human
Malayalam_000092,Malayalam,0,7.872,45.89,48000,16000,data/processed\Malayalam\Malayalam_000092.wav,human
Malayalam_000093,Malayalam,0,4.224,47.2,48000,16000,data/processed\Malayalam\Malayalam_000093.wav,human
Malayalam_000094,Malayalam,0,13.6,50.72,48000,16000,data/processed\Malayalam\Malayalam_000094.wav,human
Malayalam_000095,Malayalam,0,3.04,36.18,48000,16000,data/processed\Malayalam\Malayalam_000095.wav,human
Malayalam_000096,Malayalam,0,4.832,46.86,48000,16000,data/processed\Malayalam\Malayalam_000096.wav,human
Malayalam_000097,Malayalam,0,3.328,42.59,48000,16000,data/processed\Malayalam\Malayalam_000097.wav,human
Malayalam_000098,Malayalam,0,4.768,42.85,48000,16000,data/processed\Malayalam\Malayalam_000098.wav,human
Malayalam_000099,Malayalam,0,5.184,41.02,48000,16000,data/processed\Malayalam\Malayalam_000099.wav,human
